{
  "model_version": "v2",
  "target": "bt_delta",
  "latent_state": {
    "name": "e_drum",
    "equation": "e_drum_t = decay * e_drum_t_minus_1 + gas - pressure / pressure_scale",
    "best_decay": 0.995,
    "best_pressure_scale": 79.9
  },
  "summary": {
    "mean_r2": 0.2426318137751828,
    "weighted_r2": 0.2290054926785085,
    "total_samples": 6156
  },
  "phases": {
    "drying": {
      "model_version": "v2",
      "target": "bt_delta",
      "feature_names": [
        "intercept",
        "e_drum",
        "et_delta",
        "et_delta_lag1",
        "neg_bt_level",
        "neg_ror",
        "neg_pressure_direct"
      ],
      "rmse": 1.8645202658295283,
      "mae": 1.279260353543401,
      "r2": 0.11164238376061197,
      "n_samples": 2672,
      "intercept": 0.9226595365308187,
      "e_drum": 0.4619168657001473,
      "et_delta": 1.0686854435726174e-21,
      "et_delta_lag1": 0.02004970821101577,
      "neg_bt_level": 2.208810534618833e-28,
      "neg_ror": 1.2254187642490552e-27,
      "neg_pressure_direct": 0.014414169977586275,
      "phase": "drying",
      "status": "ok",
      "n_roasts": 8,
      "latent_decay": 0.995,
      "pressure_scale": 79.9
    },
    "maillard": {
      "model_version": "v2",
      "target": "bt_delta",
      "feature_names": [
        "intercept",
        "e_drum",
        "et_delta",
        "et_delta_lag1",
        "neg_bt_level",
        "neg_ror",
        "neg_pressure_direct"
      ],
      "rmse": 0.11777295542313922,
      "mae": 0.09646420543320909,
      "r2": 0.34083044019835085,
      "n_samples": 2322,
      "intercept": 0.6578676410592118,
      "e_drum": 5.83739655759066e-24,
      "et_delta": 4.9273962895417896e-21,
      "et_delta_lag1": 0.003189264492980087,
      "neg_bt_level": 0.48895185441062483,
      "neg_ror": 0.007102688555936217,
      "neg_pressure_direct": 1.2880024355709018e-27,
      "phase": "maillard",
      "status": "ok",
      "n_roasts": 8,
      "latent_decay": 0.995,
      "pressure_scale": 79.9
    },
    "development": {
      "model_version": "v2",
      "target": "bt_delta",
      "feature_names": [
        "intercept",
        "e_drum",
        "et_delta",
        "et_delta_lag1",
        "neg_bt_level",
        "neg_ror",
        "neg_pressure_direct"
      ],
      "rmse": 0.10425047566507537,
      "mae": 0.08475340313970836,
      "r2": 0.2754226173665856,
      "n_samples": 1162,
      "intercept": 0.2734052017076531,
      "e_drum": 0.10371438489188912,
      "et_delta": 9.406812780394674e-15,
      "et_delta_lag1": 2.5742035257730064e-15,
      "neg_bt_level": 9.71624630574468e-15,
      "neg_ror": 0.007402712594851964,
      "neg_pressure_direct": 2.7449580021194574e-13,
      "phase": "development",
      "status": "ok",
      "n_roasts": 8,
      "latent_decay": 0.995,
      "pressure_scale": 79.9
    }
  },
  "hyperparameter_search": {
    "decay=0.900|pressure_scale=79.900": {
      "mean_r2": 0.2321351009282697,
      "weighted_r2": 0.21870862238637367,
      "total_samples": 6156
    },
    "decay=0.900|pressure_scale=159.800": {
      "mean_r2": 0.23238968985225603,
      "weighted_r2": 0.21885279018835668,
      "total_samples": 6156
    },
    "decay=0.900|pressure_scale=239.700": {
      "mean_r2": 0.23238448856692873,
      "weighted_r2": 0.21884984482113087,
      "total_samples": 6156
    },
    "decay=0.900|pressure_scale=319.600": {
      "mean_r2": 0.23231599643261122,
      "weighted_r2": 0.21881105931426928,
      "total_samples": 6156
    },
    "decay=0.930|pressure_scale=79.900": {
      "mean_r2": 0.2328577388514326,
      "weighted_r2": 0.21911783547931488,
      "total_samples": 6156
    },
    "decay=0.930|pressure_scale=159.800": {
      "mean_r2": 0.23316192782721504,
      "weighted_r2": 0.21929009064006497,
      "total_samples": 6156
    },
    "decay=0.930|pressure_scale=239.700": {
      "mean_r2": 0.23314095857672648,
      "weighted_r2": 0.2192782162399345,
      "total_samples": 6156
    },
    "decay=0.930|pressure_scale=319.600": {
      "mean_r2": 0.23304427488069265,
      "weighted_r2": 0.21922346650562924,
      "total_samples": 6156
    },
    "decay=0.950|pressure_scale=79.900": {
      "mean_r2": 0.23372337070641366,
      "weighted_r2": 0.21960802271883142,
      "total_samples": 6156
    },
    "decay=0.950|pressure_scale=159.800": {
      "mean_r2": 0.23406719831655579,
      "weighted_r2": 0.21980272431872536,
      "total_samples": 6156
    },
    "decay=0.950|pressure_scale=239.700": {
      "mean_r2": 0.2340177638385722,
      "weighted_r2": 0.21977473072057033,
      "total_samples": 6156
    },
    "decay=0.950|pressure_scale=319.600": {
      "mean_r2": 0.2338824458445651,
      "weighted_r2": 0.21969810327951952,
      "total_samples": 6156
    },
    "decay=0.970|pressure_scale=79.900": {
      "mean_r2": 0.23520853765189695,
      "weighted_r2": 0.22044903830881643,
      "total_samples": 6156
    },
    "decay=0.970|pressure_scale=159.800": {
      "mean_r2": 0.2355656411973663,
      "weighted_r2": 0.2206512577629284,
      "total_samples": 6156
    },
    "decay=0.970|pressure_scale=239.700": {
      "mean_r2": 0.23544007006465942,
      "weighted_r2": 0.22058014974333512,
      "total_samples": 6156
    },
    "decay=0.970|pressure_scale=319.600": {
      "mean_r2": 0.23522383040558617,
      "weighted_r2": 0.22045769824048758,
      "total_samples": 6156
    },
    "decay=0.980|pressure_scale=79.900": {
      "mean_r2": 0.23625201433131002,
      "weighted_r2": 0.22103993494696472,
      "total_samples": 6156
    },
    "decay=0.980|pressure_scale=159.800": {
      "mean_r2": 0.23653574557440404,
      "weighted_r2": 0.221200605368249,
      "total_samples": 6156
    },
    "decay=0.980|pressure_scale=239.700": {
      "mean_r2": 0.2363043633912486,
      "weighted_r2": 0.22106957900527163,
      "total_samples": 6156
    },
    "decay=0.980|pressure_scale=319.600": {
      "mean_r2": 0.23599808749438103,
      "weighted_r2": 0.22089614206952252,
      "total_samples": 6156
    },
    "decay=0.985|pressure_scale=79.900": {
      "mean_r2": 0.2367824496200288,
      "weighted_r2": 0.22134030814652073,
      "total_samples": 6156
    },
    "decay=0.985|pressure_scale=159.800": {
      "mean_r2": 0.23686544712242072,
      "weighted_r2": 0.2213873077068432,
      "total_samples": 6156
    },
    "decay=0.985|pressure_scale=239.700": {
      "mean_r2": 0.23651479810172635,
      "weighted_r2": 0.22118874330038762,
      "total_samples": 6156
    },
    "decay=0.985|pressure_scale=319.600": {
      "mean_r2": 0.23613829959132482,
      "weighted_r2": 0.2209755409275384,
      "total_samples": 6156
    },
    "decay=0.990|pressure_scale=79.900": {
      "mean_r2": 0.23815951284291223,
      "weighted_r2": 0.22291980637647213,
      "total_samples": 6156
    },
    "decay=0.990|pressure_scale=159.800": {
      "mean_r2": 0.23672001122500252,
      "weighted_r2": 0.22130495073179451,
      "total_samples": 6156
    },
    "decay=0.990|pressure_scale=239.700": {
      "mean_r2": 0.23611779437500077,
      "weighted_r2": 0.22096392929918976,
      "total_samples": 6156
    },
    "decay=0.990|pressure_scale=319.600": {
      "mean_r2": 0.23559326526428512,
      "weighted_r2": 0.22066690063123232,
      "total_samples": 6156
    },
    "decay=0.995|pressure_scale=79.900": {
      "mean_r2": 0.2426318137751828,
      "weighted_r2": 0.2290054926785085,
      "total_samples": 6156
    },
    "decay=0.995|pressure_scale=159.800": {
      "mean_r2": 0.237983095894277,
      "weighted_r2": 0.22391903156291548,
      "total_samples": 6156
    },
    "decay=0.995|pressure_scale=239.700": {
      "mean_r2": 0.23448169335682967,
      "weighted_r2": 0.22013129901420428,
      "total_samples": 6156
    },
    "decay=0.995|pressure_scale=319.600": {
      "mean_r2": 0.23371103255745881,
      "weighted_r2": 0.21960103591128485,
      "total_samples": 6156
    }
  }
}