{
  "drying": {
    "model_version": "v1.1",
    "target": "bt_delta",
    "feature_names": [
      "intercept",
      "gas",
      "gas_lag1",
      "et_delta",
      "et_delta_lag1",
      "neg_pressure",
      "neg_pressure_lag1",
      "neg_ror"
    ],
    "intercept": 0.5693173053128874,
    "gas": 2.6530945505082775e-27,
    "gas_lag1": 7.168276971456282e-27,
    "et_delta": 1.781431349556948e-26,
    "et_delta_lag1": 0.01654819347826379,
    "neg_pressure": 4.403607901889501e-23,
    "neg_pressure_lag1": 0.00894572522520112,
    "neg_ror": 3.1695693484187825e-31,
    "rmse": 1.8817273843111169,
    "mae": 1.2655712862862372,
    "r2": 0.09516993192367229,
    "n_samples": 2672,
    "phase": "drying",
    "status": "ok",
    "n_roasts": 8
  },
  "maillard": {
    "model_version": "v1.1",
    "target": "bt_delta",
    "feature_names": [
      "intercept",
      "gas",
      "gas_lag1",
      "et_delta",
      "et_delta_lag1",
      "neg_pressure",
      "neg_pressure_lag1",
      "neg_ror"
    ],
    "intercept": 0.11114474370854849,
    "gas": 0.03912768222544094,
    "gas_lag1": 1.1742524263665622e-23,
    "et_delta": 0.0006310976336490006,
    "et_delta_lag1": 0.0053405269961282744,
    "neg_pressure": 3.061904509913765e-45,
    "neg_pressure_lag1": 3.130611101221736e-77,
    "neg_ror": 0.006983640207278121,
    "rmse": 0.11867891902351854,
    "mae": 0.09668665348540632,
    "r2": 0.3306501652665933,
    "n_samples": 2322,
    "phase": "maillard",
    "status": "ok",
    "n_roasts": 8
  },
  "development": {
    "model_version": "v1.1",
    "target": "bt_delta",
    "feature_names": [
      "intercept",
      "gas",
      "gas_lag1",
      "et_delta",
      "et_delta_lag1",
      "neg_pressure",
      "neg_pressure_lag1",
      "neg_ror"
    ],
    "intercept": 0.1639936450548219,
    "gas": 0.09651607920750128,
    "gas_lag1": 4.7699654366205906e-20,
    "et_delta": 0.005507521063060228,
    "et_delta_lag1": 5e-324,
    "neg_pressure": 4.552473693114642e-20,
    "neg_pressure_lag1": 0.00038632683210867573,
    "neg_ror": 0.0071205251301380565,
    "rmse": 0.10553078346997423,
    "mae": 0.08682470451151024,
    "r2": 0.25751615625158075,
    "n_samples": 1162,
    "phase": "development",
    "status": "ok",
    "n_roasts": 8
  }
}