{
  "intercept": -0.3082125217983291,
  "alpha_gas": 4.763116902175502e-24,
  "beta_et": 0.011309398425493422,
  "gamma_pressure": 1.9051035794604596e-21,
  "delta_ror": 7.248116975079838e-31
}