{
  "alpha_gas": -0.5418540917656649,
  "beta_et": 0.00783768246368084,
  "gamma_pressure": -0.0005249176960948881,
  "delta_ror": 0.015130304106208244,
  "intercept": 0.19026411028725115
}